time_oslo,artist,title,spotify,youtube
2026-08-28 08:26:39,Tobias Sten,Hånd i hånd,,https://www.youtube.com/watch?v=OVFQHELNJDg
2026-08-28 08:33:53,Kelly Clarkson,Because Of You,spotify:track:56UN5g6bYFy1wLBSt9e789,https://www.youtube.com/watch?v=Ra-Om7UMSJc&feature=youtube_gdata_player
2026-08-28 08:54:14,Jonas Fjeld & Lynni Treekrem,Engler I Sneen,,https://www.youtube.com/watch?v=_46wnWOECck&feature=youtube_gdata_player
2026-08-28 09:05:42,Jørn Hoel,Har en drøm,spotify:track:6OdmWiwcBCi8lfk6xhhKem,https://www.youtube.com/watch?v=Y8m2f9SnQ6g&feature=youtube_gdata_player
2026-08-28 09:09:41,Ulf Lundell,Öppna Landskap,spotify:track:1rudppuYTKpVCtWoocDiS1,https://www.youtube.com/watch?v=uuOUev9EgI8&feature=youtube_gdata_player
2026-08-28 09:15:26,Elton John,Candle In The Wind,spotifyv2-ZZ:track:spotify:track:3UhnMyiGYB7tqqJY7yNFKT,https://www.youtube.com/watch?v=NoOhnrjdYOc
2026-08-28 09:19:08,Halvdan Sivertsen,Sommerfuggel I Vinterland,spotify:track:2H9Csy75rOVfA62zpBmkzU,https://www.youtube.com/watch?v=tR5TFQh2eMc&feature=youtube_gdata_player
2026-08-28 09:25:15,The Beatles,Yesterday,spotify:track:70amysvQ129AXb29wbPQPf,https://www.youtube.com/watch?v=XNnaxGFO18o&feature=youtube_gdata_player
2026-08-28 09:27:16,Secret Garden,Nocturne,spotify:track:0FmFwU0yu7005BUNO7b2rt,https://www.youtube.com/watch?v=fd3a189vcVc&feature=youtube_gdata_player
2026-08-28 09:36:53,John Williams,"Cavatina (Tema fra ""Hjortejegern"")",,
2026-08-28 09:40:59,Jahn Teigen,Det vakreste som fins,spotify:track:540RHDIFG7xAtbYS0ay42d,https://www.youtube.com/watch?v=r9eL8IRt4Kw&feature=youtube_gdata_player
2026-08-28 09:46:50,Josh Groban,You Raise Me Up,spotify:track:45BmeITuhHgg5iWCAAaU7P,https://www.youtube.com/watch?v=aJxrX42WcjQ&feature=youtube_gdata_player
2026-08-28 09:50:45,Eric Clapton,Tears In Heaven,spotify:track:1kgdslQYmeTR4thk9whoRw,https://www.youtube.com/watch?v=VRsJlAJvOSM&feature=youtube_gdata_player
2026-08-28 09:56:27,Emma Steinbakken,Jeg glemmer deg aldri (fra Rådebank),,https://www.youtube.com/watch?v=dys15rYMTfw
2026-08-28 10:07:21,Simon & Garfunkel,Bridge Over Troubled Water,spotify:track:0wqrXvy9UI8s4PVi954MTw,https://www.youtube.com/watch?v=H_a46WJ1viA&feature=youtube_gdata_player
2026-08-28 10:12:01,Jahn Teigen & Anita Skorgan,Adieu,,https://www.youtube.com/watch?v=ra5EM4b25AA&feature=youtube_gdata_player
2026-08-28 10:14:15,Jørn Hoel,Ei Hand Å Holde I,spotify:track:777Uyhun9rXPwmPbkxFu7a,https://www.youtube.com/watch?v=uAvukBIzVv8&feature=youtube_gdata_player
2026-08-28 10:19:56,Cecilia Vennersten,Det Vackraste,,https://www.youtube.com/watch?v=9PojP6lCRq0&feature=youtube_gdata_player
2026-08-28 10:23:14,Hellbillies,Den Finast Eg Veit,spotifyv2-ZZ:track:spotify:track:3NQDZSM47zCMao3GFkcqaV,https://www.youtube.com/watch?v=VPUdMY6EsX0&feature=youtube_gdata_player
2026-08-28 10:26:57,Tommy Nilsson,Öppna Din Dörr,spotify:track:2c0mjg1Ori1ZqVyU1kp6Q1,https://www.youtube.com/watch?v=JlK1H2_aBh8&feature=youtube_gdata_player
2026-08-28 10:33:31,Sting,Fields Of Gold,spotify:track:1VI7sH93UcY0stZYVqvMoH,https://www.youtube.com/watch?v=KLVq0IAzh1A&feature=youtube_gdata_player
2026-08-28 10:37:02,John Lennon,Imagine,spotify:track:2tpAJ2XgEVZggkE2izL6ll,https://www.youtube.com/watch?v=XLgYAHHkPFs&feature=youtube_gdata_player
2026-08-28 10:42:10,Bob Dylan,Blowin' In The Wind,spotify:track:45xWBubNgQp0IIaiQAlt1I,https://www.youtube.com/watch?v=IUX9IcSzHX0&feature=youtube_gdata_player
2026-08-28 10:44:50,Josh Groban,Ave Maria,spotify:track:7grcyKyYbHzb81Y1dGkh8y,https://www.youtube.com/watch?v=Cgyy8u3zcf8&feature=youtube_gdata_player
2026-08-28 10:49:52,Åge Aleksandersen,Lys Og Varme,spotify:track:2vQhkgDKP6ichisFj1AMim,https://www.youtube.com/watch?v=5RtOdtqbSQA&feature=youtube_gdata_player
2026-08-28 10:54:49,Ole Paus,Mitt Lille Land,spotify:track:1G85T0ZSAzZumlD0I9hGPd,https://www.youtube.com/watch?v=yxPJVWb8YN4&feature=youtube_gdata_player
2026-08-28 11:08:34,Bjørn Eidsvåg,Eg Ser,spotify:track:0U44H4Ok510flMt8bypiwM,https://www.youtube.com/watch?v=qYnzDqJqGwM&feature=youtube_gdata_player
2026-08-28 11:12:10,Odd Nordstoga,Ein farfar i livet,,https://www.youtube.com/watch?v=cydInv_Rcz8
2026-08-28 11:15:45,Sigvart Dagsland,Alt Eg Såg,spotify:track:168nBsOxoW98xI9RzIRw7K,https://www.youtube.com/watch?v=Wnq-S14TtuY&feature=youtube_gdata_player
2026-08-28 11:21:29,Marit Larsen,Vår Beste Dag,spotify:track:2RssYUkYzmEtvxmUX0C19A,https://www.youtube.com/watch?v=byrBsfMsPmY&feature=youtube_gdata_player
2026-08-28 11:25:42,Björn Afzelius,Tusen bitar,spotify:track:5JOhGClDjtzouQuEOMmNPb,https://www.youtube.com/watch?v=-u-ZcFgDj-4&feature=youtube_gdata_player
2026-08-28 11:34:36,Vamp med Rita Eriksen,Tir n'a noir,,https://www.youtube.com/watch?v=zdWP4XPNmns&feature=youtube_gdata_player
2026-08-28 11:39:22,Halvdan Sivertsen,Kjærlighetsvisa,spotify:track:4nhBMh4m6JXfqeUktEXGrP,https://www.youtube.com/watch?v=nh23KWgbGxw&feature=youtube_gdata_player
2026-08-28 11:42:38,Leonard Cohen,Hallelujah,spotify:track:3a1HY1vAKItKCK2I5cgavn,https://www.youtube.com/watch?v=YrLk4vdY28Q&feature=youtube_gdata_player
2026-08-28 11:48:08,Cat Stevens,Morning Has Broken,spotify:track:1xY7DqZ8OBcvHIXilqbhsv,https://www.youtube.com/watch?v=FP7Ry9MfkQU&feature=youtube_gdata_player
2026-08-28 11:51:04,Kari Bremnes,E Du Nord,,https://www.youtube.com/watch?v=kS4xw6CH_yc
2026-08-28 11:56:02,Susan Boyle,Memory,,https://www.youtube.com/watch?v=PQWJ_qJ1unc
2026-08-28 12:05:14,Kurt Nilsen & Helene Bøksle,Gje Me Handa Di Venn,,https://www.youtube.com/watch?v=bPtVeIbAbs4
2026-08-28 12:08:49,Sigmund Groven/Henning Sommerro,Vårsøg,,https://www.youtube.com/watch?v=xu9t5ii0yJk&feature=youtube_gdata_player
2026-08-28 12:12:31,Jahn Teigen,Min Første Kjærlighet,spotify:track:25277MomrCxEtzwC1TPZOt,https://www.youtube.com/watch?v=-ycFYM5M6lM&feature=youtube_gdata_player
2026-08-28 12:15:40,Lillebjørn Nilsen,Barn Av Regnbuen,spotify:track:53GiiBCwGcdXoJwZR9awFM,https://www.youtube.com/watch?v=REbrReiAA8c&feature=youtube_gdata_player
2026-08-28 12:20:12,Jørn Hoel,Har en drøm,spotify:track:6OdmWiwcBCi8lfk6xhhKem,https://www.youtube.com/watch?v=Y8m2f9SnQ6g&feature=youtube_gdata_player
2026-08-28 12:23:58,Ulf Lundell,Öppna Landskap,spotify:track:1rudppuYTKpVCtWoocDiS1,https://www.youtube.com/watch?v=uuOUev9EgI8&feature=youtube_gdata_player
2026-08-28 12:28:31,Elton John,Candle In The Wind,spotifyv2-ZZ:track:spotify:track:3UhnMyiGYB7tqqJY7yNFKT,https://www.youtube.com/watch?v=NoOhnrjdYOc
2026-08-28 12:33:15,Halvdan Sivertsen,Sommerfuggel I Vinterland,spotify:track:2H9Csy75rOVfA62zpBmkzU,https://www.youtube.com/watch?v=tR5TFQh2eMc&feature=youtube_gdata_player
2026-08-28 12:38:06,The Beatles,Yesterday,spotify:track:70amysvQ129AXb29wbPQPf,https://www.youtube.com/watch?v=XNnaxGFO18o&feature=youtube_gdata_player
2026-08-28 12:40:59,John Williams,"Cavatina (Tema fra ""Hjortejegern"")",,
2026-08-28 12:45:04,Jahn Teigen,Det vakreste som fins,spotify:track:540RHDIFG7xAtbYS0ay42d,https://www.youtube.com/watch?v=r9eL8IRt4Kw&feature=youtube_gdata_player
2026-08-28 12:48:10,Josh Groban,You Raise Me Up,spotify:track:45BmeITuhHgg5iWCAAaU7P,https://www.youtube.com/watch?v=aJxrX42WcjQ&feature=youtube_gdata_player
2026-08-28 12:52:04,Eric Clapton,Tears In Heaven,spotify:track:1kgdslQYmeTR4thk9whoRw,https://www.youtube.com/watch?v=VRsJlAJvOSM&feature=youtube_gdata_player
2026-08-28 12:56:28,Emma Steinbakken,Jeg glemmer deg aldri (fra Rådebank),,https://www.youtube.com/watch?v=dys15rYMTfw
2026-08-28 13:06:07,Susan Boyle,Amazing Grace,,https://www.youtube.com/watch?v=A0gLntLIBYw
2026-08-28 13:14:26,Herborg Kråkevik,Leid Milde Ljos,,https://www.youtube.com/watch?v=a9_UtfT6dFg
2026-08-28 13:16:59,Carola,Blott En Dag,,https://www.youtube.com/watch?v=HooqAe8Ntb0
2026-08-28 13:21:44,Bjørn Eidsvåg,Evig hvile,,https://www.youtube.com/watch?v=O0aV5ncIVzY
2026-08-28 13:27:23,Elvis Presley with the Royal Philharmonic Orchestra,Always on My Mind,,https://www.youtube.com/watch?v=Yf2KtxEtsEM
2026-08-28 13:30:53,Herborg Kråkevik,Den Fyrste Song,,https://www.youtube.com/watch?v=IgoVoL6AW6s
2026-08-28 13:34:11,Sissel Kyrkjebø,Innerst i sjelen,,https://www.youtube.com/watch?v=gEdZKDJB-aY&feature=youtube_gdata_player
2026-08-28 13:37:47,Frank Sinatra,My Way,spotify:track:0hMFKOq7kqWaoc1TvfWd7k,https://www.youtube.com/watch?v=6E2hYDIFDIU&feature=youtube_gdata_player
2026-08-28 13:43:35,Vamp,Tir n'a noir,spotify:track:1btqjLUJDczAOkDqL4vpFn,https://www.youtube.com/watch?v=cfGPz2sVw4E&feature=youtube_gdata_player
2026-08-28 13:47:57,R.E.M.,Everybody Hurts,spotify:track:2CLLsEF6qzl6fnzS9LqZzN,https://www.youtube.com/watch?v=ijZRCIrTgQc&feature=youtube_gdata_player
2026-08-28 13:51:29,Åge Aleksandersen,Lys Og Varme,spotify:track:2vQhkgDKP6ichisFj1AMim,https://www.youtube.com/watch?v=5RtOdtqbSQA&feature=youtube_gdata_player
2026-08-28 13:56:26,Susan Boyle feat. Michael Bolton,Somewhere Out There,,https://www.youtube.com/watch?v=sEt_tCy5PZU
2026-08-28 14:05:13,Jonas Fjeld & Lynni Treekrem,Engler I Sneen,,https://www.youtube.com/watch?v=_46wnWOECck&feature=youtube_gdata_player
2026-08-28 14:10:44,Eva Cassidy,Over The Rainbow,spotify:track:2HmyD46ScWHArRYIFiF8XS,https://www.youtube.com/watch?v=4RDmXsGeiF8&feature=youtube_gdata_player
2026-08-28 14:15:38,D.D.E.,Vinsjan på kaia,spotify:track:0rGmVnFoc1BVo3QuaZvyFA,https://www.youtube.com/watch?v=t_ax8xoDNOs&feature=youtube_gdata_player
2026-08-28 14:21:42,Ole Paus,Mitt Lille Land,spotify:track:1G85T0ZSAzZumlD0I9hGPd,https://www.youtube.com/watch?v=yxPJVWb8YN4&feature=youtube_gdata_player
2026-08-28 14:26:49,Jahn Teigen & Anita Skorgan,Adieu,,https://www.youtube.com/watch?v=ra5EM4b25AA&feature=youtube_gdata_player
2026-08-28 14:29:03,Bette Midler,The Rose,spotify:track:23X72rSGy4hhU57QodGk2P,https://www.youtube.com/watch?v=zxSTzSEiZ2c&feature=youtube_gdata_player
2026-08-28 14:33:35,Tommy Nilsson,Öppna Din Dörr,spotify:track:2c0mjg1Ori1ZqVyU1kp6Q1,https://www.youtube.com/watch?v=JlK1H2_aBh8&feature=youtube_gdata_player
2026-08-28 14:37:44,Jørn Hoel,Ei Hand Å Holde I,spotify:track:777Uyhun9rXPwmPbkxFu7a,https://www.youtube.com/watch?v=uAvukBIzVv8&feature=youtube_gdata_player
2026-08-28 14:41:59,Bob Dylan,Blowin' In The Wind,spotify:track:45xWBubNgQp0IIaiQAlt1I,https://www.youtube.com/watch?v=IUX9IcSzHX0&feature=youtube_gdata_player
2026-08-28 14:44:40,John Lennon,Imagine,spotify:track:2tpAJ2XgEVZggkE2izL6ll,https://www.youtube.com/watch?v=XLgYAHHkPFs&feature=youtube_gdata_player
2026-08-28 14:48:28,Anne Grete Preus,Når Himmelen Faller Ned,spotify:track:5aasUgkPxYhqKcxmNLotmH,https://www.youtube.com/watch?v=5j6M1i9rW1s&feature=youtube_gdata_player
2026-08-28 14:52:13,Eric Clapton,Tears In Heaven,spotify:track:1kgdslQYmeTR4thk9whoRw,https://www.youtube.com/watch?v=VRsJlAJvOSM&feature=youtube_gdata_player
2026-08-28 14:56:36,Emma Steinbakken,Jeg glemmer deg aldri (fra Rådebank),,https://www.youtube.com/watch?v=dys15rYMTfw
2026-08-28 15:05:31,Bjørn Eidsvåg,Eg Ser,spotify:track:0U44H4Ok510flMt8bypiwM,https://www.youtube.com/watch?v=qYnzDqJqGwM&feature=youtube_gdata_player
2026-08-28 15:09:08,Leonard Cohen,Hallelujah,spotify:track:3a1HY1vAKItKCK2I5cgavn,https://www.youtube.com/watch?v=YrLk4vdY28Q&feature=youtube_gdata_player
2026-08-28 15:13:27,Björn Afzelius,Tusen bitar,spotify:track:5JOhGClDjtzouQuEOMmNPb,https://www.youtube.com/watch?v=-u-ZcFgDj-4&feature=youtube_gdata_player
2026-08-28 15:18:58,Odd Nordstoga,Ein farfar i livet,,https://www.youtube.com/watch?v=cydInv_Rcz8
2026-08-28 15:22:32,Cat Stevens,Morning Has Broken,spotify:track:1xY7DqZ8OBcvHIXilqbhsv,https://www.youtube.com/watch?v=FP7Ry9MfkQU&feature=youtube_gdata_player
2026-08-28 15:27:03,Marit Larsen,Vår Beste Dag,spotify:track:2RssYUkYzmEtvxmUX0C19A,https://www.youtube.com/watch?v=byrBsfMsPmY&feature=youtube_gdata_player
2026-08-28 15:34:51,Susan Boyle,Memory,,https://www.youtube.com/watch?v=PQWJ_qJ1unc
2026-08-28 15:38:51,Kari Bremnes,E Du Nord,,https://www.youtube.com/watch?v=kS4xw6CH_yc
2026-08-28 15:44:27,Brian May & Kerry Ellis,Can't Help Falling in Love,,https://www.youtube.com/watch?v=KQSq5UlZXXY
2026-08-28 15:47:31,Lillebjørn Nilsen,Barn Av Regnbuen,spotify:track:53GiiBCwGcdXoJwZR9awFM,https://www.youtube.com/watch?v=REbrReiAA8c&feature=youtube_gdata_player
2026-08-28 15:51:41,Sigmund Groven/Henning Sommerro,Vårsøg,,https://www.youtube.com/watch?v=xu9t5ii0yJk&feature=youtube_gdata_player
2026-08-28 15:54:20,Halvdan Sivertsen,Kjærlighetsvisa,spotify:track:4nhBMh4m6JXfqeUktEXGrP,https://www.youtube.com/watch?v=nh23KWgbGxw&feature=youtube_gdata_player
2026-08-28 15:57:37,Bob Dylan,Blowin' In The Wind,spotify:track:45xWBubNgQp0IIaiQAlt1I,https://www.youtube.com/watch?v=IUX9IcSzHX0&feature=youtube_gdata_player
2026-08-28 16:05:15,Kurt Nilsen & Helene Bøksle,Gje Me Handa Di Venn,,https://www.youtube.com/watch?v=bPtVeIbAbs4
2026-08-28 16:08:51,Sting,Fields Of Gold,spotify:track:1VI7sH93UcY0stZYVqvMoH,https://www.youtube.com/watch?v=KLVq0IAzh1A&feature=youtube_gdata_player
2026-08-28 16:14:05,Ulf Lundell,Öppna Landskap,spotify:track:1rudppuYTKpVCtWoocDiS1,https://www.youtube.com/watch?v=uuOUev9EgI8&feature=youtube_gdata_player
2026-08-28 16:18:36,Elton John,Candle In The Wind,spotifyv2-ZZ:track:spotify:track:3UhnMyiGYB7tqqJY7yNFKT,https://www.youtube.com/watch?v=NoOhnrjdYOc
2026-08-28 16:23:09,Halvdan Sivertsen,Sommerfuggel I Vinterland,spotify:track:2H9Csy75rOVfA62zpBmkzU,https://www.youtube.com/watch?v=tR5TFQh2eMc&feature=youtube_gdata_player
2026-08-28 16:27:59,The Beatles,Yesterday,spotify:track:70amysvQ129AXb29wbPQPf,https://www.youtube.com/watch?v=XNnaxGFO18o&feature=youtube_gdata_player
2026-08-28 16:34:55,John Williams,"Cavatina (Tema fra ""Hjortejegern"")",,
2026-08-28 16:38:59,Josh Groban,You Raise Me Up,spotify:track:45BmeITuhHgg5iWCAAaU7P,https://www.youtube.com/watch?v=aJxrX42WcjQ&feature=youtube_gdata_player
2026-08-28 16:42:53,Eric Clapton,Tears In Heaven,spotify:track:1kgdslQYmeTR4thk9whoRw,https://www.youtube.com/watch?v=VRsJlAJvOSM&feature=youtube_gdata_player
2026-08-28 16:47:42,Sigvart Dagsland,Alt Eg Såg,spotify:track:168nBsOxoW98xI9RzIRw7K,https://www.youtube.com/watch?v=Wnq-S14TtuY&feature=youtube_gdata_player
2026-08-28 16:51:55,Susan Boyle,Amazing Grace,,https://www.youtube.com/watch?v=A0gLntLIBYw
2026-08-28 16:55:24,Jahn Teigen,Det vakreste som fins,spotify:track:540RHDIFG7xAtbYS0ay42d,https://www.youtube.com/watch?v=r9eL8IRt4Kw&feature=youtube_gdata_player
2026-08-28 17:04:54,Joe Cocker,You Are So Beautiful,spotify:track:3cceeA8rQt6pOCIrAil1Zg,https://www.youtube.com/watch?v=wlDmslyGmGI&feature=youtube_gdata_player
2026-08-28 17:07:29,Carola,Blott En Dag,,https://www.youtube.com/watch?v=HooqAe8Ntb0
2026-08-28 17:13:54,Sissel Kyrkjebø,Innerst i sjelen,,https://www.youtube.com/watch?v=gEdZKDJB-aY&feature=youtube_gdata_player
2026-08-28 17:17:44,Herborg Kråkevik,Den Fyrste Song,,https://www.youtube.com/watch?v=IgoVoL6AW6s
2026-08-28 17:22:41,Helen Sjöholm & Stefan Nilsson,Gabriellas Sång,,https://www.youtube.com/watch?v=GGrVcD3rmVI
2026-08-28 17:26:18,Elvis Presley with the Royal Philharmonic Orchestra,Always on My Mind,,https://www.youtube.com/watch?v=Yf2KtxEtsEM
2026-08-28 17:34:17,Bjørn Eidsvåg,Evig hvile,,https://www.youtube.com/watch?v=O0aV5ncIVzY
2026-08-28 17:38:26,Frank Sinatra,My Way,spotify:track:0hMFKOq7kqWaoc1TvfWd7k,https://www.youtube.com/watch?v=6E2hYDIFDIU&feature=youtube_gdata_player
2026-08-28 17:44:05,Vamp,Tir n'a noir,spotify:track:1btqjLUJDczAOkDqL4vpFn,https://www.youtube.com/watch?v=cfGPz2sVw4E&feature=youtube_gdata_player
2026-08-28 17:48:28,R.E.M.,Everybody Hurts,spotify:track:2CLLsEF6qzl6fnzS9LqZzN,https://www.youtube.com/watch?v=ijZRCIrTgQc&feature=youtube_gdata_player
2026-08-28 17:54:20,Jonas Fjeld & Lynni Treekrem,Engler I Sneen,,https://www.youtube.com/watch?v=_46wnWOECck&feature=youtube_gdata_player
2026-08-28 18:04:11,Tommy Nilsson,Öppna Din Dörr,spotify:track:2c0mjg1Ori1ZqVyU1kp6Q1,https://www.youtube.com/watch?v=JlK1H2_aBh8&feature=youtube_gdata_player
2026-08-28 18:08:13,Adele,Someone Like You,spotify:track:6QPKYGnAW9QozVz2dSWqRg,https://www.youtube.com/watch?v=hLQl3WQQoQ0&feature=youtube_gdata_player
2026-08-28 18:12:51,Katie Melua,I Cried For You,spotify:track:3EccJBbX03Apfpbh4Cvhmv,https://www.youtube.com/watch?v=4Fr5-16ZnPM&feature=youtube_gdata_player
2026-08-28 18:17:44,Anne Grete Preus,Når Himmelen Faller Ned,spotify:track:5aasUgkPxYhqKcxmNLotmH,https://www.youtube.com/watch?v=5j6M1i9rW1s&feature=youtube_gdata_player
2026-08-28 18:21:31,Josh Groban,Ave Maria,spotify:track:7grcyKyYbHzb81Y1dGkh8y,https://www.youtube.com/watch?v=Cgyy8u3zcf8&feature=youtube_gdata_player
2026-08-28 18:28:26,Bruce Springsteen,My Hometown,spotify:track:3wJLGGWRy72Du2seu71JzQ,https://www.youtube.com/watch?v=77gKSp8WoRg&feature=youtube_gdata_player
2026-08-28 18:32:27,Simon & Garfunkel,Bridge Over Troubled Water,spotify:track:0wqrXvy9UI8s4PVi954MTw,https://www.youtube.com/watch?v=H_a46WJ1viA&feature=youtube_gdata_player
2026-08-28 18:38:11,Michael Bolton,How Am I Supposed To Live Without You,spotify:track:5VtKXGf7p6FfbD3uUVrOHJ,https://www.youtube.com/watch?v=YFood_bTOX4&feature=youtube_gdata_player
2026-08-28 18:45:57,Céline Dion,All By Myself,spotify:track:4n9e8Nx2FijSDVoumQwXPW,https://www.youtube.com/watch?v=NGrLb6W5YOM&feature=youtube_gdata_player
2026-08-28 18:50:10,The Beatles,Let It Be,spotify:track:6nV1jGpMmpGKrnbVyTB6H9,https://www.youtube.com/watch?v=0714IbwC3HA&feature=youtube_gdata_player
2026-08-28 18:56:18,Westlife,Flying Without Wings,spotify:track:30ngg6jCMqOBcvj5fLgfBe,https://www.youtube.com/watch?v=heEdqbVmytM&feature=youtube_gdata_player
2026-08-28 19:03:56,D.D.E.,Vinsjan på kaia,spotify:track:0rGmVnFoc1BVo3QuaZvyFA,https://www.youtube.com/watch?v=t_ax8xoDNOs&feature=youtube_gdata_player
2026-08-28 19:07:57,Peter Gabriel & Kate Bush,Don't Give Up,,https://www.youtube.com/watch?v=VjEq-r2agqc&feature=youtube_gdata_player
2026-08-28 19:12:01,Norah Jones,Don't Know Why,spotify:track:6IT4mjY8fIW2yLNCGsiVNn,https://www.youtube.com/watch?v=tO4dxvguQDk&feature=youtube_gdata_player
2026-08-28 19:15:00,Cyndi Lauper,True Colors,spotify:track:2A6yzRGMgSQCUapR2ptm6A,https://www.youtube.com/watch?v=LPn0KFlbqX8&feature=youtube_gdata_player
2026-08-28 19:18:38,Marit Larsen,Vår Beste Dag,spotify:track:2RssYUkYzmEtvxmUX0C19A,https://www.youtube.com/watch?v=byrBsfMsPmY&feature=youtube_gdata_player
2026-08-28 19:22:55,Susan Boyle,Memory,,https://www.youtube.com/watch?v=PQWJ_qJ1unc
2026-08-28 19:26:56,Alan Parsons,Brother Up In Heaven,spotify:track:430CFHOzHLzAS6uSBK4HhU,https://www.youtube.com/watch?v=yOz1rLR5WOk&feature=youtube_gdata_player
2026-08-28 19:33:49,Emma Steinbakken,Jeg glemmer deg aldri (fra Rådebank),,https://www.youtube.com/watch?v=dys15rYMTfw
2026-08-28 19:37:15,Patrick Swayze,She's Like The Wind,spotify:track:5hWJivioQyC8p2aYDL61mu,https://www.youtube.com/watch?v=0Gbz-Lau5tc&feature=youtube_gdata_player
2026-08-28 19:40:58,Savage Garden,I Knew I Loved You,spotify:track:2RlDfLi8yaTONnh5jFfwba,https://www.youtube.com/watch?v=jjnmICxvoVY&feature=youtube_gdata_player
2026-08-28 19:45:27,Kari Bremnes,E Du Nord,,https://www.youtube.com/watch?v=kS4xw6CH_yc
2026-08-28 19:50:27,Bill Withers,Ain't No Sunshine,spotify:track:51qqMJpiTJxdFe3cN5PT7F,https://www.youtube.com/watch?v=tIdIqbv7SPo&feature=youtube_gdata_player
2026-08-28 19:54:06,Brian May & Kerry Ellis,Can't Help Falling in Love,,https://www.youtube.com/watch?v=KQSq5UlZXXY
2026-08-28 19:57:12,Ellie Goulding,How Long Will I Love You,spotify:track:2C9O93aAez8keuhxp6rSTJ,
2026-08-28 20:04:16,George Michael,A Different Corner,spotify:track:0rccl5Uy9vojxmoRgO7hAT,https://www.youtube.com/watch?v=IPWHkK-_a_A&feature=youtube_gdata_player
2026-08-28 20:08:11,Adele,Hello,spotifyv2-ZZ:track:spotify:track:193O4vZOZvdx7vrfZpfs37,https://www.youtube.com/watch?v=YQHsXMglC9A
2026-08-28 20:13:03,Kurt Nilsen & Helene Bøksle,Gje Me Handa Di Venn,,https://www.youtube.com/watch?v=bPtVeIbAbs4
2026-08-28 20:16:38,Phil Collins,In The Air Tonight,spotify:track:1ab1eyzFZtknjrDPChiX6I,https://www.youtube.com/watch?v=YkADj0TPrJA&feature=youtube_gdata_player
2026-08-28 20:22:02,Eva Cassidy,Over The Rainbow,spotify:track:2HmyD46ScWHArRYIFiF8XS,https://www.youtube.com/watch?v=4RDmXsGeiF8&feature=youtube_gdata_player
2026-08-28 20:28:48,Josh Groban,You Raise Me Up,spotify:track:45BmeITuhHgg5iWCAAaU7P,https://www.youtube.com/watch?v=aJxrX42WcjQ&feature=youtube_gdata_player
2026-08-28 20:32:43,Sting,Shape Of My Heart,spotify:track:5TrvGxuqaYKsF7C0NfrLrY,https://www.youtube.com/watch?v=037uSAIahho&feature=youtube_gdata_player
2026-08-28 20:37:13,Bjørn Eidsvåg,Eg Ser,spotify:track:0U44H4Ok510flMt8bypiwM,https://www.youtube.com/watch?v=qYnzDqJqGwM&feature=youtube_gdata_player
2026-08-28 20:42:35,Michael Bublé,Home,spotify:track:33jXsphcSnC0bGW6EXGuC9,https://www.youtube.com/watch?v=lbSOLBMUvIE&feature=youtube_gdata_player
2026-08-28 20:46:12,Eric Clapton,Tears In Heaven,spotify:track:1kgdslQYmeTR4thk9whoRw,https://www.youtube.com/watch?v=VRsJlAJvOSM&feature=youtube_gdata_player
2026-08-28 20:52:20,Elton John,Candle In The Wind,spotifyv2-ZZ:track:spotify:track:3UhnMyiGYB7tqqJY7yNFKT,https://www.youtube.com/watch?v=NoOhnrjdYOc
2026-08-28 20:56:02,Roxette,Spending My Time,spotify:track:1rR3gtSx2gA9Dg99s2OPsm,https://www.youtube.com/watch?v=eG0IYV6G0I0&feature=youtube_gdata_player
2026-08-28 21:02:47,Susan Boyle,Amazing Grace,,https://www.youtube.com/watch?v=A0gLntLIBYw
